company,count
VK,4968
携薪写械泻褋,1210
Telegram,1107
小斜械褉,450
ivi,332
孝懈薪褜泻芯褎褎,235
袦孝小,216
袙孝袘,153
More.tv,126
Ozon,117
孝芯褔泻邪,104
Lamoda,88
袥械薪褌邪,80
X5 Group,79
Auto.ru,73
Avito,72
OWOX,72
Wildberries,67
笑袠袗袧,65
袦械谐邪肖芯薪,60
袘懈谢邪泄薪,60
小斜械褉袦邪褉泻械褌,59
袥械褉褍邪 袦械褉谢械薪,36
Tele2,35
KION,35
袚邪蟹锌褉芯屑斜邪薪泻,34
袪邪泄褎褎邪泄蟹械薪,33
袦邪谐薪懈褌,33
袦械谐邪袦邪褉泻械褌,33
AliExpress,30
Okko,28
袙泻褍褋袙懈谢谢,22
袪芯褋褌械谢械泻芯屑,17
Roistat,17
QIWI,16
校褉邪谢褋懈斜,16
EPAM,16
KFC,16
Ostrovok,14
袗褝褉芯褎谢芯褌,14
袠薪谐芯褋褋褌褉邪褏,14
袥懈褌袪械褋,14
袦.袙懈写械芯,14
协谢褜写芯褉邪写芯,13
Mindbox,13
袦芯写褍谢褜斜邪薪泻,12
袗谢褜褎邪-袘邪薪泻,12
Pikabu,9
袩褟褌褢褉芯褔泻邪,9
Drom,9
Selectel,8
袪芯泻械褌斜邪薪泻,7
Exness,7
袩褉芯屑褋胁褟蟹褜斜邪薪泻,6
袪芯褋谐芯褋褋褌褉邪褏,5
Burger King,4
袛芯屑袣谢懈泻,4
KazanExpress,4
Dodo Pizza,4
CarPrice,3
Fix Price,3
IQ Option,2
Starbucks,2
Heineken,2
SberCloud,2
Joom,2
小泻芯谢泻芯胁芯,1
小斜械褉袥芯谐懈褋褌懈泻邪,1
Ivideon,1
